the_geom,PHYSICALID,L_LOW_HN,L_HIGH_HN,R_LOW_HN,R_HIGH_HN,L_ZIP,R_ZIP,STATUS,BIKE_LANE,TRAFDIR,RW_TYPE,PRE_TYPE,POST_TYPE,OBJECTID,FCC,Left side Block Face ID,Right Side Block Face ID,Average Travel Time,Roadway Jurisdiction,NOMINALDIR,ACCESSIBLE,NONPED,Borough Code,Borough Indicator,Segloc Status,San District Inc,Left Side Subset,Right Side Subset,Continuous Parity Flag,Twisted Parity Flag,Posted Speed,Segment Length,Street Width,Street Width IRR,Special Disaster,Fire Lane,CREATED_DATE,MODIFIED_DATE,WITHIN_BNDY_DIST,TRUCK ROUTE TYPE,Collection Method,FROM_LEVEL_CODE,TO_LEVEL_CODE,B5SC,Snow Priority,JOINID,BPHYS_ID,Cartography Display Level,Number Travel Lanes,Number Park Lanes,Number Total Lane,Pre-Modifier,Pre-Directional,Post Directional,Post Modifier,Full Street Name,BIKE TRAFFIC DIRECTION,SHAPE__Length,GlobalID,SEGMENT_TYPE,SEGMENT_TYPE_VALUE,STREET NAME,Street Name Label
"MULTILINESTRING ((-73.965287415722 40.615000858808, -73.964359884699 40.615102135719))",46.81,901,999,900,998,11230,11230,2,,FT,1,AVE,,42.563,,1.822.608.708,1.822.600.714,,,,,,3,,X,,6E,6E,,N,25.0,"260,14424805",34.0,,,,2007 Nov 29 12:00:00 AM,2020 Aug 28 08:49:50 PM,,,,13,13,314280,C,,,,2.0,2.0,4.0,,,,,AVE N,,"104,31497003951",cedc2dde-7e8b-4427-af4c-c7fe5174b2c7,,,N,AVE N
"MULTILINESTRING ((-73.857805049963 40.863044490364, -73.857734247232 40.865485912644))",86.757,2501,2599,2500,2598,10469,10469,2,,TW,1,,AVE,78.537,,1.522.607.532,1.522.608.941,,,,,,2,,,,2C,2C,,N,25.0,"889,72053612",32.0,,,,2007 Nov 29 12:00:00 AM,2024 Apr 10 01:15:28 PM,,,,13,13,240620,S,,,,2.0,2.0,4.0,,,,,HONE AVE,,"359,45658741154",9c163e85-23ad-418a-a54c-40c8eef802e5,,,HONE,HONE AVE
"MULTILINESTRING ((-73.901047993134 40.769320483382, -73.902742096389 40.767935194633))",84.282,22-001,22-099,22-000,22-098,11105,11105,2,,TF,1,,ST,76.298,,102.261.264,102.265.239,,,,,,4,,,,2E,2E,,N,25.0,"689,15359844",32.0,,,,2007 Nov 29 12:00:00 AM,2017 Mar 17 09:30:01 AM,,,F,13,13,410640,S,,,,1.0,2.0,3.0,,,,,48 ST,,"277,53323334463",fdccf94f-201f-4312-a96d-0c26d0fa7cfd,,,48,48 ST
"MULTILINESTRING ((-74.010562603546 40.7222098984, -74.011631470957 40.72231827029))",79.741,79,107,78,100,10013,10013,2,,FT,1,,ST,72.173,,1.222.605.034,1.222.601.248,,,,,,1,,,,3B,3B,,N,25.0,"298,89669877",34.0,,,,2007 Nov 29 12:00:00 AM,2017 Mar 17 10:04:49 AM,,,,13,13,124400,S,,,,1.0,2.0,3.0,,,,,LAIGHT ST,,"120,04580684369",bcbbb800-b963-45bf-804e-42f5ada6c207,,,LAIGHT,LAIGHT ST
"MULTILINESTRING ((-74.121613808175 40.558468264066, -74.121533964787 40.558385459768, -74.121461513545 40.558298791091, -74.121396774845 40.558208641291), (-74.121396774845 40.558208641291, -74.121340035984 40.558115409021, -74.121291546832 40.558019506627, -74.121251521819 40.557921358196))",184.2,0,0,74,86,10306,10306,2,,TW,1,,AVE,115.877,,1.722.613.316,1.722.609.883,,,,,,5,,,,1D,1D,,N,25.0,"415,1482875",25.0,,,,2007 Nov 29 12:00:00 AM,2025 Oct 24 02:30:55 PM,,,,13,13,520590,H,,,,2.0,1.0,3.0,,,,,BROOK AVE,,"90,28879629663",d7f8c5d8-637b-4122-950f-faf2206c8561,,,BROOK,BROOK AVE
"MULTILINESTRING ((-73.98221749207 40.768968674845, -73.983207911402 40.769387631401, -73.984316210058 40.769856434903))",191.409,2,98,1,99,10023,10023,2,,FT,1,,ST,118.754,,1.222.600.676,1.222.606.129,,,,,,1,,,,1A,1A,,N,25.0,"665,24891335",50.0,,,,2007 Nov 29 12:00:00 AM,2021 Apr 06 07:50:19 AM,,,,13,13,134970,C,,,,2.0,2.0,4.0,,W,,,W  60 ST,,"267,59953539586",27fcb089-c93b-41fa-bd6e-9700b811cb13,,,60,W 60 ST
"MULTILINESTRING ((-73.886578049747 40.862470601588, -73.887510359142 40.863158701639), (-73.887510359142 40.863158701639, -73.887622332192 40.863175069674, -73.887734856069 40.86318909251, -73.887847845573 40.863200759529), (-73.887847845573 40.863200759529, -73.887961214998 40.863210061832, -73.888074878655 40.86321699245, -73.888188750481 40.863221546137))",170.796,,,,,10458,10458,2,,NV,6,,PATH,110.562,,1.522.610.431,1.522.601.577,,,,,,2,,H,,,,,N,,"359,65734871",12.0,,,,2015 Dec 15 11:04:01 AM,2015 Dec 22 12:00:00 AM,,,,13,13,200476,,,,,1.0,0.0,1.0,,,,,FORDHAM UNIVERSITY PATH,,"221,18328870153",fd57d250-48c4-4cb1-ad58-067ebfa185b6,,,FORDHAM UNIVERSITY,FORDHAM UNIVERSITY PATH
"MULTILINESTRING ((-73.745632289534 40.703875995602, -73.745025168896 40.70252654448))",31.38,113-001,113-099,113-000,113-098,11429,11429,2,,TW,1,,ST,28.373,,72.264.340,72.268.057,,,,,,4,,,,4C,4C,,N,25.0,"519,66495671",30.0,,,,2007 Nov 29 12:00:00 AM,2024 Apr 10 01:15:28 PM,,,,13,13,426340,S,,,,2.0,2.0,4.0,,,,,210 ST,,"209,36259325125",7505f297-28f8-4deb-90ed-623321c7ce58,,,210,210 ST
"MULTILINESTRING ((-73.807299636673 40.742002029035, -73.806356512929 40.742058970803))",10.217,161-001,161-099,161-000,161-098,11365,11365,2,,TW,1,,AVE,9.109,,82.262.164,82.261.112,,,,,,4,,X,,2E,2E,,N,25.0,"262,16720346",40.0,,,,2007 Nov 29 12:00:00 AM,2020 Aug 28 08:49:50 PM,,,,13,13,436400,C,,,,2.0,1.0,3.0,,,,,BOOTH MEMORIAL AVE,,"105,32086982231",d0e23276-a779-4fff-b47c-c345f4ea4c36,,,BOOTH MEMORIAL,BOOTH MEMORIAL AVE
"MULTILINESTRING ((-73.754133474341 40.608115396585, -73.755165930404 40.608317264715))",16.336,22-001,22-025,22-000,22-026,11691,11691,2,,TW,1,,AVE,14.57,,12.262.996,12.263.118,,,,,,4,,,,3D,3D,,N,25.0,"295,95813661",24.0,,,,2007 Nov 29 12:00:00 AM,2024 Apr 10 01:15:28 PM,,,,13,13,456590,S,,,,2.0,2.0,4.0,,,,,NAMEOKE AVE,,"118,68298302584",2504359f-bc51-4eab-b943-d5342ccbad45,,,NAMEOKE,NAMEOKE AVE
"MULTILINESTRING ((-73.998631564462 40.713515002424, -73.998586201891 40.713483166557, -73.998532832291 40.713446717045))",182.38,,,,,10013,10038,2,,TW,1,,ST,115.166,,212.260.458,212.261.643,,,,,,1,,,,1A,1A,,N,25.0,"114,46785198",54.0,,,,2007 Nov 29 12:00:00 AM,2023 Apr 10 02:00:14 PM,,2.0,,13,13,145490,H,,,,3.0,0.0,3.0,,,,,WORTH ST,,"14,87888148222",18dd96e5-622a-4b45-af76-501bb116dabf,,,WORTH,WORTH ST
"MULTILINESTRING ((-73.83683093061 40.742910313486, -73.836893725769 40.742917304528, -73.836991880251 40.742960710081, -73.837095599873 40.74302903982))",90.547,,,,,11367,11367,2,,FT,9,,ST,81.943,,92.262.819,92.266.842,,,,,V,4,,,,,,,N,,"95,05907184",18.0,,,,2007 Nov 29 12:00:00 AM,2017 Mar 17 09:44:40 AM,,,,13,13,465617,V,,,,1.0,0.0,1.0,,,,,UNNAMED ST,,"35,017357505",d5cda3f7-39ed-4627-8fb1-fcd5a86a1c10,,,UNNAMED,UNNAMED ST
"MULTILINESTRING ((-74.153897566384 40.58715759725, -74.154682285917 40.587601249749))",55.421,530,546,531,549,10314,10314,2,,TW,1,,AVE,50.463,,1.722.604.728,1.722.600.695,,,,,,5,,,,4C,4C,,N,25.0,"271,34839942",38.0,,,,2007 Nov 29 12:00:00 AM,2024 Apr 10 01:15:28 PM,,,,13,13,535070,S,,,,2.0,2.0,4.0,,,,,KLONDIKE AVE,,"108,90427285919",e53da82c-8831-4fed-b571-5bb3ab699337,,,KLONDIKE,KLONDIKE AVE
"MULTILINESTRING ((-73.898598300837 40.655836398593, -73.898480331597 40.655854058731))",75.207,,,,,11207,11207,2,,TW,1,,AVE,68.392,,2.022.613.918,2.022.613.182,,,,,,3,,,,4C,4C,,N,25.0,"21,10624455",40.0,,,,2007 Nov 29 12:00:00 AM,2020 Aug 28 08:49:50 PM,,,,13,13,331730,S,,,,4.0,0.0,4.0,,,,,DE WITT AVE,,"13,38551186176",9a53ba87-5f14-4fe2-8fad-752fe5a29531,,,DE WITT,DE WITT AVE
"MULTILINESTRING ((-73.849127575158 40.834767182083, -73.848702112887 40.835111452284))",55.984,2271,2273,2276,2278,10462,10462,2,,TW,1,,AVE,50.962,,1.422.607.194,1.422.600.589,,,,,,2,,X,,1E,1E,,N,25.0,"172,02904766",70.0,,,,2009 Jun 16 12:00:00 AM,2020 Aug 28 08:49:50 PM,,2.0,,13,13,276950,C,,,,4.0,2.0,6.0,,,,,WESTCHESTER AVE,,"69,34639376424",d9ce8d94-ebc2-47b7-bf57-fad3416d9bb9,,,WESTCHESTER,WESTCHESTER AVE
"MULTILINESTRING ((-73.896441799283 40.854916030016, -73.895610106795 40.854578640919))",95.371,401,433,400,434,10457,10457,2,2.0,TF,1,,ST,86.297,,1.522.604.760,1.522.608.509,,,,,,2,,X,,1B,1B,,N,25.0,"260,85563302",30.0,,,,2007 Nov 29 12:00:00 AM,2024 Sep 23 02:48:37 PM,,,,13,13,227120,H,,,,1.0,2.0,3.0,,E,,,E  182 ST,TF,"105,05899900519",0f989f67-2ea9-4256-b954-d1867297a85b,,,182,E 182 ST
"MULTILINESTRING ((-74.065504074641 40.590216911588, -74.065376921744 40.590133495909, -74.065194682124 40.590315608393, -74.065255080264 40.5903554528, -74.065110351302 40.590491530388, -74.064864821702 40.590349670357))",176.859,,,,,10305,10305,2,,NV,6,,,113.022,,,,,3.0,,,D,5,,,,,,,N,,"350,66344087",,,,,2011 Mar 28 04:11:01 PM,2022 May 02 04:20:19 PM,,,,13,13,500254,,,,,,,,,,,,PEDESTRIAN AND BIKE PATH LINK,,"121,12661698231",b1e2523f-c7eb-4d53-b4d0-a96e6c2630ff,,,PEDESTRIAN AND BIKE PATH LINK,PEDESTRIAN AND BIKE PATH LINK
"MULTILINESTRING ((-73.78659921898 40.645217187779, -73.786738201902 40.64517721035))",165.466,,,,,11430,11430,2,,FT,9,,,108.351,,32.261.487,32.260.410,,,,,V,4,,,,,,,N,,"41,22745848",42.0,,,,2007 Nov 29 12:00:00 AM,2019 Apr 15 03:21:43 PM,,2.0,,17,17,497755,V,,,,3.0,0.0,3.0,,,,,VAN WYCK EXPRESSWAY ENTRANCE NB,,"16,54594074803",0781b868-fa2b-465e-815e-c0c58c483534,,,VAN WYCK EXPRESSWAY ENTRANCE NB,VAN WYCK EXPRESSWAY ENTRANCE NB
"MULTILINESTRING ((-73.973960439871 40.75144926918, -73.971714131753 40.750502055602))",3.477,201,299,200,298,10017,10017,2,,TF,1,,ST,2.878,,1.222.601.984,1.222.602.330,,,,,,1,,,,2B,2B,,N,25.0,"711,65549614",32.0,,,,2007 Nov 29 12:00:00 AM,2017 Mar 17 09:53:53 AM,,,,13,13,117850,C,,,,1.0,2.0,3.0,,E,,,E  43 ST,,"286,18626917515",9e77cc7a-b9da-40dd-b61d-47299e717bbe,,,43,E 43 ST
"MULTILINESTRING ((-73.812718859344 40.691416045211, -73.811864388318 40.691638321625))",17.252,134-001,134-099,134-000,134-098,11419,11419,2,,TW,1,,AVE,15.394,,62.264.119,62.263.022,,,,,,4,,X,,4E,3D,,N,25.0,"250,41431077",70.0,,,,2007 Nov 29 12:00:00 AM,2024 Apr 14 10:14:14 AM,,,,13,13,453790,C,,,,4.0,2.0,6.0,,,,,LIBERTY AVE,,"100,56152543036",4cab5c48-6b13-4457-ae01-1596106e3136,,,LIBERTY,LIBERTY AVE
"MULTILINESTRING ((-73.984025262459 40.656599398955, -73.981796976786 40.655254325808))",57.694,493,557,492,548,11215,11215,2,1.0,TF,1,,ST,52.535,,1.922.610.609,1.922.605.088,,,,,,3,,X,,1C,1C,,N,25.0,"788,92548375",38.0,,,,2007 Nov 29 12:00:00 AM,2024 Apr 10 01:15:28 PM,,2.0,,13,13,307180,C,,,,1.0,2.0,3.0,,,,,20 ST,TW,"316,99370342286",7f397397-b698-4cd6-b6db-a4820f71c427,,,20,20 ST
"MULTILINESTRING ((-73.94072146062 40.625023202842, -73.939804852842 40.625134643358))",39.026,3601,3623,3600,3624,11210,11210,2,,TW,1,AVE,,35.42,,2.022.612.005,2.022.603.917,,,,,,3,,X,,6E,6E,,N,25.0,"257,66214706",42.0,,,,2007 Nov 29 12:00:00 AM,2020 Aug 28 08:49:50 PM,,,,13,13,314130,C,,,,2.0,2.0,4.0,,,,,AVE K,,"103,33712871742",d7936c9c-30ec-4309-827c-a950c781dd41,,,K,AVE K
"MULTILINESTRING ((-73.866589717976 40.834996880202, -73.866520446771 40.834976791142, -73.866445640777 40.83495600225))",41.046,,,,,10472,10472,2,,FT,2,,EXPY,129.712,,1.322.600.033,1.422.600.030,,,,,V,2,,,,2B,2B,,N,50.0,"22,04257527",34.0,,,,2007 Nov 29 12:00:00 AM,2020 Aug 28 08:49:50 PM,,3.0,,9,9,222240,C,,,10.0,3.0,0.0,3.0,,,,,CROSS BRONX EXPY,,"17,1296461144",bfe19874-f45a-4d97-85d8-75c84f19be37,,,CROSS BRONX,CROSS BRONX EXPY
"MULTILINESTRING ((-73.930812534841 40.808388904723, -73.930133511523 40.808864254305, -73.929573340705 40.809288673318, -73.929509656099 40.809336923889))",206.026,,,,,10451,10451,2,,TF,3,,AVE,134.202,,1.322.604.633,1.322.604.095,,,,,V,2,,X,,1A,1A,,N,25.0,"233,20073078",34.0,,,,2007 Nov 29 12:00:00 AM,2025 Oct 20 02:35:26 PM,,2.0,,17,13,298280,C,,,,3.0,0.0,3.0,,,,BRIDGE,3 AVE  BRIDGE,,"201,22532628996",e427c8fc-0112-4e2e-8cac-cac1e9a636a0,,,3,3 AVE BRIDGE
"MULTILINESTRING ((-73.974757292337 40.656025459845, -73.97379318676 40.656400553088))",61.737,207,231,214,238,11218,11218,2,,TF,1,,PL,56.223,,1.922.604.268,1.922.610.280,,,,,,3,,,,1D,1D,,N,25.0,"300,3884362",44.0,,,,2007 Nov 29 12:00:00 AM,2017 Mar 17 10:03:24 AM,,,,13,13,384830,C,,,,1.0,2.0,3.0,,,,,TERRACE PL,,"120,61424278433",33d53ce4-e076-4f28-aff2-80c3ae76592f,,,TERRACE,TERRACE PL
"MULTILINESTRING ((-73.865894086959 40.728838060928, -73.865488570723 40.729480254846))",34.686,93-001,93-099,93-000,93-098,11374,11374,2,3.0,TF,1,,AVE,31.518,,92.266.753,92.262.521,,,,,,4,,X,,2D,2D,,N,25.0,"259,56623983",44.0,,,,2007 Nov 29 12:00:00 AM,2020 Aug 28 08:49:50 PM,,,,13,13,412990,S,,,,2.0,2.0,4.0,,,,,63 AVE,TF,"104,58122065106",8950f29d-cf65-43ce-84d4-8c64f709d4bf,,,63,63 AVE
"MULTILINESTRING ((-73.946073611675 40.58142187375, -73.945822797028 40.580101685889))",91.09,1,99,2,98,11235,11235,2,,TF,1,,ST,82.399,,1.822.603.426,1.822.606.305,,,,,,3,,,,3C,3C,,N,25.0,"485,9969173",32.0,,,,2007 Nov 29 12:00:00 AM,2017 Mar 17 09:31:11 AM,,,,13,13,344130,S,,,,1.0,2.0,3.0,,,,,GIRARD ST,,"195,5057676471",530fe73b-ac53-484d-b1ab-4dfc0de47c79,,,GIRARD,GIRARD ST
"MULTILINESTRING ((-73.877855970545 40.56745523903, -73.877857670046 40.567473766497, -73.877861479694 40.567492110585, -73.877867370518 40.5675101318, -73.877875297722 40.567527693102, -73.877885201024 40.567544660948, -73.877897005117 40.567560906309, -73.877910620236 40.56757630565, -73.877925942849 40.567590741869, -73.877942856435 40.567604105187, -73.877961232378 40.567616293987, -73.87798093094 40.56762721558, -73.878001802325 40.567636786914, -73.878023687819 40.567644935208), (-73.878023687819 40.567644935208, -73.87804642081 40.56765159863, -73.878069828627 40.567656726399, -73.878093733268 40.56766027952, -73.878117952956 40.567662230976, -73.878142303517 40.567662565926, -73.878166599782 40.567661281824, -73.878190656994 40.567658388435, -73.878214292214 40.567653907761, -73.878237325714 40.567647873872, -73.87825958234 40.567640332654, -73.878280892845 40.567631341451, -73.878301095177 40.567620968634, -73.878320035712 40.567609293081))",145.668,,,,,11694,11694,2,,NV,6,,PATH,104.311,,,,,,,,,4,,,,,,,N,,"175,98374409",,,,,2012 May 22 11:11:46 AM,2015 Sep 23 12:00:00 AM,,,,13,13,415795,,,,,,,,,,,,PEDESTRIAN PATH,,"70,59510530547",ae03cf82-ab00-4a20-a9ea-078b9580843f,,,PEDESTRIAN,PEDESTRIAN PATH
"MULTILINESTRING ((-73.963153609759 40.701028216877, -73.961750332482 40.701952179565))",168.1,1,73,2,46,11249,11249,2,,TF,1,,ST,109.371,,1.922.613.859,1.922.611.510,,,,,,3,,,,4B,4B,,N,25.0,"525,57260723",52.0,,,,2007 Nov 29 12:00:00 AM,2024 Apr 14 10:14:14 AM,,,,13,13,350530,C,,,,2.0,2.0,4.0,,,,,HOOPER ST,,"206,90342663598",13954797-505a-4557-8c87-3b1d9f9fa7b4,,,HOOPER,HOOPER ST
"MULTILINESTRING ((-73.771472092555 40.744269876973, -73.771453415535 40.744229776203, -73.771433610382 40.744187412752))",23.847,,,,,11364,11364,2,,TF,2,,EXPY,127.239,,82.266.967,72.260.482,,,,,V,4,,,,,,,N,50.0,"16,38100715",35.0,,,,2007 Nov 29 12:00:00 AM,2020 Aug 28 08:49:50 PM,,3.0,,9,9,439070,C,,,10.0,3.0,0.0,3.0,,,,,CLEARVIEW EXPY,,"12,8515393071",58b6add6-92d8-4b34-8e4c-505d57a79324,,,CLEARVIEW,CLEARVIEW EXPY
"MULTILINESTRING ((-73.774863716221 40.68702483619, -73.774799218702 40.68706023583))",19.981,,,,,11434,11434,2,,TW,1,,BLVD,17.778,,,,,,,,,4,,,,5D,5D,,N,25.0,"22,05209035",50.0,,,,2007 Nov 29 12:00:00 AM,2017 Mar 17 09:50:06 AM,,,,13,13,445290,C,,,,4.0,0.0,4.0,,,,,FOCH BLVD,,"8,86324592288",bc6e842f-febb-49be-9915-9dcc19ed5a38,,,FOCH,FOCH BLVD
"MULTILINESTRING ((-73.991326431759 40.719410767606, -73.990529917279 40.719167972526))",4.148,0,0,55,69,10002,10002,2,1.0,FT,1,,ST,3.453,,1.222.607.236,1.222.606.888,,,,,,1,,,,1A,1A,,N,25.0,"237,85460084",46.0,,,,2007 Nov 29 12:00:00 AM,2024 Apr 10 01:15:28 PM,,3.0,,13,13,116310,C,,,,3.0,1.0,4.0,,,,,DELANCEY ST,FT,"95,57003440284",4f667d42-d3a2-47b2-b79c-18d3c556ab90,,,DELANCEY,DELANCEY ST
"MULTILINESTRING ((-73.848791536958 40.680017675281, -73.847933509569 40.678275333585))",83.361,105-001,106-099,105-000,106-098,11417,11417,2,,FT,1,,ST,75.43,,52.261.750,52.263.026,,,,,,4,,,,1D,1D,,N,25.0,"677,93122519",30.0,,,,2007 Nov 29 12:00:00 AM,2017 Oct 13 06:21:01 PM,,,,13,13,418240,H,,,,1.0,2.0,3.0,,,,,90 ST,,"273,0078128957",8e5e8551-fa6a-438f-bf1b-0c7416b4b4bc,,,90,90 ST
"MULTILINESTRING ((-74.147741708521 40.610007463998, -74.148937548347 40.609759051229))",49.102,2530,2598,2537,2599,10314,10314,2,,TW,1,,BLVD,44.717,,1.622.606.364,1.622.606.878,,,,,,5,,X,,4D,4D,,N,25.0,"344,14506113",60.0,,,,2007 Nov 29 12:00:00 AM,2019 Apr 15 03:23:27 PM,,2.0,,13,13,553000,C,,,10.0,4.0,0.0,4.0,,,,,VICTORY BLVD,,"138,01401343853",a2a92b85-1ce4-4ab6-8490-7892b94edc13,,,VICTORY,VICTORY BLVD
"MULTILINESTRING ((-74.120554121279 40.611869453242, -74.120479362526 40.610817892586))",101.776,51,83,50,78,10314,10314,2,,TF,1,,LN,91.941,,1.622.609.547,1.622.603.612,,,,,,5,,,,3E,3E,,N,25.0,"383,67268607",30.0,,,,2007 Nov 29 12:00:00 AM,2020 Aug 28 08:49:50 PM,,,F,13,13,548410,C,,,,1.0,2.0,3.0,,,,,SOMMERS LN,,"154,42365851735",5b2f1396-3400-4306-8a2b-73890280b82b,,,SOMMERS,SOMMERS LN
"MULTILINESTRING ((-73.943060598953 40.826652755336, -73.942782645125 40.827352753039))",19.616,781,799,0,0,10031,10031,2,2.0,TW,1,,AVE,17.507,,1.322.605.162,1.322.605.934,,,,,,1,,,,3B,3B,,N,25.0,"266,38335497",60.0,,,,2007 Nov 29 12:00:00 AM,2020 Aug 28 08:49:50 PM,,,,13,13,131190,C,,,,2.0,2.0,4.0,,,,,ST NICHOLAS AVE,TW,"107,52768041107",9791e660-48f5-47e8-89e1-1794aba6af94,,,ST NICHOLAS,ST NICHOLAS AVE
"MULTILINESTRING ((-74.159878877284 40.544767759896, -74.160547640582 40.544356293331))",86.922,46,54,0,0,10312,10312,2,,TF,1,,PL,78.697,,1.722.600.998,1.722.610.337,,,,,,5,,,,3C,3C,,N,25.0,"238,78613558",30.0,,,,2007 Nov 29 12:00:00 AM,2020 Aug 28 08:49:50 PM,,,,13,13,548874,S,,,,1.0,2.0,3.0,,,,,ST ALBANS PL,,"95,78902356469",3ffe35a4-9c34-4525-a880-fd823fe0d9c9,,,ST ALBANS,ST ALBANS PL
"MULTILINESTRING ((-73.920306354306 40.80507715796, -73.920537842337 40.805178217772))",203.389,,,,,10454,10454,2,,TF,2,,EXPY,133.409,,1.322.607.335,1.322.600.174,,,,,V,2,,,,2A,2A,,N,50.0,"231,12471309",34.0,,,,2007 Nov 29 12:00:00 AM,2024 Jun 10 02:45:35 PM,,3.0,,17,17,249460,C,,,10.0,3.0,0.0,3.0,,,,,MAJOR DEEGAN EXPY,,"29,74794554593",6b62d44b-10aa-4b02-8cc5-4b2119a1e77b,,,MAJOR DEEGAN,MAJOR DEEGAN EXPY
"MULTILINESTRING ((-73.782877151811 40.743883335643, -73.781105970257 40.743342648524))",25.859,194-001,195-099,194-000,195-098,11365,11365,2,6.0,TW,1,,AVE,23.19,,82.265.136,82.262.626,,,,,,4,,,,3C,3C,,N,25.0,"528,85039569",32.0,,,,2007 Nov 29 12:00:00 AM,2020 Aug 28 08:49:50 PM,,,F,13,13,465370,S,,,,2.0,1.0,3.0,,,,,UNDERHILL AVE,TW,"212,57005279453",353512d7-18f2-4ed8-871d-28356f8e08a1,,,UNDERHILL,UNDERHILL AVE
"MULTILINESTRING ((-73.865790956772 40.816998386292, -73.86581294403 40.817092766096, -73.865819393418 40.817120450342, -73.865824389458 40.817141892436, -73.865866144884 40.817321094508, -73.865879106082 40.817376719376, -73.865913639286 40.817524922982, -73.865927797064 40.817585684533, -73.865965414565 40.817747123467, -73.865980234207 40.817810722807, -73.866199924245 40.818753517256))",40.557,601,699,620,698,10473,10473,2,,TW,1,,AVE,36.79,,1.422.601.117,1.422.607.058,,,,,,2,,,,1B,1B,,N,25.0,"348,83475233",50.0,,,,2009 Jun 16 12:00:00 AM,2020 Aug 28 08:49:50 PM,,,,13,13,262420,C,,,,2.0,2.0,4.0,,,,,ROSEDALE AVE,,"262,15269919785",f16d4b98-7cdb-4d45-bb96-6b3b1135824e,,,ROSEDALE,ROSEDALE AVE
"MULTILINESTRING ((-73.855511628781 40.720383755114, -73.85494218469 40.720176957179, -73.854593826399 40.720050446436, -73.85409111239 40.719867871025))",70.069,67-039,67-079,67-036,67-074,11375,11375,2,,TF,1,,ST,63.664,,92.268.372,92.262.816,,,,,,4,,,,2E,2E,,N,25.0,"107,00018754",30.0,,,,2007 Nov 29 12:00:00 AM,2025 Oct 20 11:59:32 AM,,,,13,13,444290,S,,,,1.0,2.0,3.0,,,,,EXETER ST,,"175,34780271952",a494459d-80d3-4842-94d5-f5e7d817a9b4,,,EXETER,EXETER ST
"MULTILINESTRING ((-73.910545945236 40.744764291726, -73.909588385191 40.744948778103))",9.395,54-001,54-099,54-000,54-098,11377,11377,2,,TW,1,,AVE,8.334,,102.264.254,102.261.522,,,,,,4,,,,2C,2C,,N,25.0,"273,71532842",40.0,,,,2007 Nov 29 12:00:00 AM,2020 Aug 28 08:49:50 PM,,2.0,,13,13,461090,C,,,,2.0,2.0,4.0,,,,,ROOSEVELT AVE,,"109,98775396242",3e2ee213-7a7a-41b0-978e-ccc9dfbed01c,,,ROOSEVELT,ROOSEVELT AVE
"MULTILINESTRING ((-74.081629577508 40.607578237623, -74.081262183023 40.607350422324, -74.081450670269 40.607148851549, -74.082036400162 40.607178566246))",104.542,1,69,0,0,10304,10304,2,,TF,1,,LOOP,94.367,,1.622.602.896,1.622.603.682,,3.0,,,,5,,,,1C,1C,,N,,"131,51201139",26.0,,,,2007 Nov 29 12:00:00 AM,2017 Mar 17 10:06:44 AM,,,,13,13,539864,V,,,,1.0,2.0,3.0,,,,,MOSEL LOOP,,"154,40179705258",c1dfd42c-af23-499b-9380-507e3e08f0d7,,,MOSEL,MOSEL LOOP
"MULTILINESTRING ((-73.956669794436 40.579877168396, -73.955847511791 40.579532891457))",98.128,1067,1089,1068,1090,11235,11235,2,,TF,1,,AVE,88.715,,1.822.603.321,1.822.601.424,,,,,,3,,,,2A,2A,,N,25.0,"260,5871268",30.0,,,,2007 Nov 29 12:00:00 AM,2020 Sep 23 04:26:56 PM,,,F,13,13,367830,H,,,,1.0,2.0,3.0,,,,,OCEAN VIEW AVE,,"104,52321724259",772c6976-3f67-458d-9242-315eb291817f,,,OCEAN VIEW,OCEAN VIEW AVE
"MULTILINESTRING ((-73.95286897327 40.815853890625, -73.952763948976 40.816551318643, -73.952273143856 40.817228902663))",21.68,76,116,83,115,10027,10027,2,,TW,1,,AVE,19.354,,1.322.604.047,1.322.606.075,,,,,,1,,X,,2B,2B,,N,25.0,"255,75549831",40.0,,,,2007 Nov 29 12:00:00 AM,2020 Aug 28 08:49:50 PM,,,,13,13,115910,C,,,,2.0,2.0,4.0,,,,,CONVENT AVE,,"216,90920910764",8d4c1154-9a34-4efd-92cb-67da8c08276e,,,CONVENT,CONVENT AVE
"MULTILINESTRING ((-73.934622418427 40.610450186301, -73.933902529666 40.610907950773))",48.785,3401,3499,3400,3498,11234,11234,2,,TW,1,,AVE,44.415,,22.262.137,22.261.474,,,,,,3,,X,,7D,7D,,N,25.0,"260,31823468",44.0,,,,2007 Nov 29 12:00:00 AM,2020 Aug 28 08:49:50 PM,,,,13,13,340630,C,,,,2.0,2.0,4.0,,,,,FILLMORE AVE,,"104,53629827193",e2cbe66f-3977-45db-b70d-d9133b3af124,,,FILLMORE,FILLMORE AVE
"MULTILINESTRING ((-73.823454483083 40.863468942247, -73.824116667398 40.863747545691, -73.824360470618 40.863675894396))",118.55,,,,,10475,10475,2,,NV,6,,PATH,99.842,,,,,,,,,2,,,,,,,N,,,,,,,2011 Mar 30 11:48:07 AM,2021 Jun 14 11:42:39 AM,,,,13,13,213770,,,,,,,,,,,,CO-OP CITY SECT 5 PED PATH,,"113,47078238441",f05b3199-486b-4aba-9af7-19f037439aed,,,CO-OP CITY SECT 5 PED,CO-OP CITY SECT 5 PED PATH
"MULTILINESTRING ((-74.137718228981 40.600870236579, -74.140206442888 40.60072770976))",55.846,480,550,471,549,10314,10314,2,,TW,1,,ST,50.834,,1.622.605.428,1.622.609.198,,,,,,5,,,,3C,3C,,N,25.0,"692,90879376",54.0,,,,2007 Nov 29 12:00:00 AM,2017 Mar 17 09:27:56 AM,,,,13,13,531785,C,,,,2.0,2.0,4.0,,,,,HAROLD ST,,"277,77383514067",548e763a-c833-407c-a0d0-4e863c2d8f45,,,HAROLD,HAROLD ST
"MULTILINESTRING ((-73.878127742959 40.835510585445, -73.878048738146 40.835566114729, -73.877983557336 40.835611927615), (-73.877983557336 40.835611927615, -73.877908016722 40.835663691723, -73.877831292044 40.835714441206, -73.877753406921 40.835764160446), (-73.877753406921 40.835764160446, -73.877674385112 40.835812834283, -73.877594251151 40.835860447585, -73.877513029707 40.835906985697), (-73.877513029707 40.835906985697, -73.877382494234 40.835980708851, -73.8773234969 40.836010502585, -73.877115368201 40.836115607747, -73.876837579196 40.836240209665, -73.876552258506 40.836353097278))",62.682,1447,1463,0,0,10472,10472,2,,TF,1,,AVE,57.066,,1.422.602.724,1.422.606.657,,,,,,2,,,,2A,2A,,N,25.0,"89,02260872",32.0,,,,2007 Nov 29 12:00:00 AM,2020 Aug 28 08:49:50 PM,,,,13,13,215420,C,,,,2.0,1.0,3.0,,,,,BRONX RIVER AVE,,"215,64690703986",36df4835-09ea-4924-9bd7-5b971b58856c,,,BRONX RIVER,BRONX RIVER AVE
"MULTILINESTRING ((-74.089542406666 40.605405472489, -74.088833471268 40.605024362877))",52.17,97,117,94,110,10304,10304,2,,TW,1,,AVE,47.491,,1.622.611.107,1.622.611.106,,,,,,5,,,,1D,1D,,N,25.0,"240,89441538",20.0,,,,2007 Nov 29 12:00:00 AM,2020 Aug 28 08:49:50 PM,,,,13,13,517310,S,,,,2.0,0.0,2.0,,,,,BALTIC AVE,,"96,69901745599",47065ab7-2e3a-4612-be3b-1f203413b8c8,,,BALTIC,BALTIC AVE
